BookID,Title,Author,PublicRating,Publisher,PageCount,PublicationDate,Category
0,Attack on Titan: Volume 13,Hajime Isayama,4.6,Kodansha Comics,192,"Jul 31, 2014",None
1,Antiques Roadkill: A Trash 'n' Treasures Mystery,Barbara Allan,3.3,Kensington Publishing Corp.,288,"Jul 1, 2007",Fiction
2,The Art of Super Mario Odyssey,Nintendo,3.9,Dark Horse Comics,368,"Nov 5, 2019",Games
3,Getting Away Is Deadly: An Ellie Avery Mystery,Sara Rosett,4.0,Kensington Publishing Corp.,320,"Mar 1, 2009",None
4,"The Painted Man (The Demon Cycle, Book 1)",Peter V. Brett,4.5,HarperCollins UK,544,"Jan 8, 2009",Fiction
5,"A Feast for Crows (A Song of Ice and Fire, Book 4)",George R.R. Martin,4.5,HarperCollins UK,864,"Feb 24, 2011",None
6,God of War: The Official Novelization,J.M. Barlog,4.5,Titan Books,400,"Aug 28, 2018",Fiction
7,Edgedancer: From the Stormlight Archive,Brandon Sanderson,4.8,Tor Books,226,"Oct 17, 2017",Fiction
8,"Blood, Sweat, and Pixels: The Triumphant, Turbulent Stories Behind How Video Games Are Made",Jason Schreier,4.3,HarperCollins,304,"Sep 5, 2017",Games
9,Twas The Nightshift Before Christmas: Festive hospital diaries from the author of million-copy hit This is Going to Hurt,Adam Kay,4.7,Pan Macmillan,112,"Oct 17, 2019",Biography
10,Sword of Destiny: Witcher 2: Tales of the Witcher,Andrzej Sapkowski,4.8,Hachette UK,400,"May 21, 2015",Fiction
11,The Mysterious Affair at Styles (Poirot),Agatha Christie,4.6,HarperCollins UK,208,"Oct 14, 2010",None
12,Riley Paige Mystery Bundle: Once Gone (#1) and Once Taken (#2),Blake Pierce,4.5,Blake Pierce,250,"Jun 16, 2016",None
13,Deadpool Kills the Marvel Universe,Cullen Bunn,4.2,Marvel Entertainment,96,"May 21, 2014",Comics
14,The Red Signal: An Agatha Christie Short Story,Agatha Christie,5.0,HarperCollins UK,40,"Sep 1, 2011",None
15,Crossroads of Twilight: Book Ten of 'The Wheel of Time',Robert Jordan,4.4,Tor Fantasy,704,"Jul 20, 2010",Fiction
16,My Little Pony: Friendship is Magic #83,Thom Zahler,5.0,IDW Publishing,30,"Oct 16, 2019",Comics & Graphic Novels
17,That Time I got Reincarnated as a Slime 11,Story by FUSE,5.0,Kodansha America LLC,208,"Oct 15, 2019",None
18,Ask A Footballer,James Milner,,Hachette UK,320,"Oct 31, 2019",Biography
19,Sonic the Hedgehog #3,Ian Flynn,4.7,IDW Publishing,32,"Apr 18, 2018",Comics & Graphic Novels
20,Ultimate Spider-Man Vol. 11: Carnage,Brian Michael Bendis,4.1,Marvel Entertainment,144,"Jan 15, 2014",None
21,The Last Wife: An absolutely gripping and emotional page turner with a brilliant twist,Nicola Marsh,4.7,Bookouture,358,"Oct 11, 2019",Fiction
22,The Hitchhiker's Guide to the Galaxy: 42nd Anniversary Edition,Douglas Adams,4.6,Pan Macmillan,245,"Sep 1, 2009",Juvenile Fiction
23,"Prince of Thorns (The Broken Empire, Book 1)",Mark Lawrence,4.2,HarperCollins UK,416,"Aug 4, 2011",Fiction
24,Influence: The Psychology of Persuasion,"Robert B. Cialdini, PhD",4.3,Harper Collins,336,"Jun 2, 2009",Business
25,Critical Role Vox Machina: Origins: Volume 1,Matthew Mercer,5.0,Dark Horse Comics,168,"Oct 15, 2019",None
26,Introducing Critical Theory: A Graphic Guide,Stuart Sim,3.7,Icon Books,176,"Jan 1, 2004",Social Science
27,Morning Star,Pierce Brown,4.8,Del Rey,544,"Feb 9, 2016",Fiction
28,Tall Tales and Wee Stories: The Best of Billy Connolly,Billy Connolly,5.0,Hachette UK,336,"Oct 17, 2019",None
29,After Anna,Alex Lake,4.1,HarperCollins UK,416,"Jul 30, 2015",Fiction
30,How to Win Friends and Influence People,Dale Carnegie,4.4,Random House,304,"Sep 30, 2010",Business
31,The Empty Nest: An unputdownably gripping psychological thriller,Sue Watson,4.7,Bookouture,357,"Nov 1, 2019",None
32,W is for Wasted: A Kinsey Millhone Novel,Sue Grafton,4.3,Penguin,448,"Sep 10, 2013",Fiction
33,Salvaged,Madeleine Roux,4.0,Penguin,368,"Oct 15, 2019",Fiction
34,The Art of Thinking Clearly,Rolf Dobelli,4.3,Harper Collins,384,"May 6, 2014",None
35,"The Complete Works of William Shakespeare: All 213 Plays, Poems, Sonnets, Apocryphal Plays + The Biography: The Life of William Shakespeare by Sidney Lee: Hamlet - Romeo and Juliet - King Lear - A Midsummer Night’s Dream - Macbeth - The Tempest - Othello and many more",William Shakespeare,4.7,e-artnow,1424,"Feb 27, 2014",None
36,The Daylight War: Book Three of The Demon Cycle,Peter V. Brett,4.6,Del Rey,656,"Feb 12, 2013",Fiction
37,The Ultimate Secrets of Total Self-Confidence,Robert Anthony,4.5,Penguin,240,"Nov 15, 1986",None
38,Ready Player One,Ernest Cline,4.6,Broadway Books,384,"Aug 16, 2011",None
39,A Forge of Valor (Kings and Sorcerers--Book 4),Morgan Rice,4.5,Morgan Rice,250,"Sep 7, 2015",Fiction
40,How To Win Friends and Influence People,Dale Carnegie,4.3,Simon and Schuster,320,"Aug 24, 2010",Business
41,"Financial Statements, Revised and Expanded Edition: A Step-by-Step Guide to Understanding and Creating Financial Reports",Thomas Ittelson,4.0,Red Wheel/Weiser,288,"Aug 1, 2009",Business
42,Death of a Bachelorette,Laura Levine,4.0,Kensington Books,304,"Jul 1, 2017",None
43,Batman: The Man Who Laughs,Ed Brubaker,4.5,DC,146,"Apr 7, 2015",None
44,Martha Stewart's Cookie Perfection: 100+ Recipes to Take Your Sweet Treats to the Next Level: A Baking Book,Editors of Martha Stewart Living,,Clarkson Potter,256,"Oct 15, 2019",Cooking
45,You'll Never See Daylight Again,Michaella McCollum,4.3,Kings Road Publishing,476,"Oct 31, 2019",None
46,The Raven,Edgar Allan Poe,3.9,Simon and Schuster,32,"Aug 26, 2013",Fiction
47,Little Girl Lost: A Lucy Black Thriller,Brian McGilloway,4.0,Harper Collins,336,"Feb 18, 2014",Fiction
48,I Am Pilgrim: The bestselling Richard & Judy Book Club pick,Terry Hayes,4.4,Random House,704,"Jul 18, 2013",Fiction
49,Civil War: Volume 1,Mark Millar,4.5,Marvel Entertainment,208,"Jan 1, 2011",Comics
50,The Neatest Little Guide to Stock Market Investing: Fifth Edition,Jason Kelly,4.1,Penguin,336,"Dec 24, 2012",None
51,The Guardians: The explosive new thriller from international bestseller John Grisham,John Grisham,,Hachette UK,384,"Oct 15, 2019",Fiction
52,The Art Of Seduction,Robert Greene,4.5,Profile Books,272,"Sep 3, 2010",Self-Help
53,Competitive Advantage: Creating and Sustaining Superior Performance,Michael E. Porter,5.0,Simon and Schuster,592,"Jun 30, 2008",Business
54,Marketing (The Brian Tracy Success Library),Brian Tracy,,AMACOM,112,"Jun 11, 2014",Business
55,Furies of Calderon,Jim Butcher,4.7,Penguin,672,"Jun 28, 2005",None
56,The Fires of Heaven: Book Five of 'The Wheel of Time',Robert Jordan,4.6,Tor Books,704,"Feb 16, 2010",Fiction
57,Secrets of the Millionaire Mind: Mastering the Inner Game of Wealth,T. Harv Eker,4.6,Harper Collins,224,"Oct 13, 2009",Business
58,"A Game of Thrones: The Story Continues Books 1-5: A Game of Thrones, A Clash of Kings, A Storm of Swords, A Feast for Crows, A Dance with Dragons (A Song of Ice and Fire)",George R.R. Martin,4.5,HarperCollins UK,4544,"Mar 15, 2012",None
59,A Game of Thrones: A Song of Ice and Fire: Book One,George R. R. Martin,4.6,Bantam,720,"Jan 1, 2003",Fiction
60,Happy: Why More or Less Everything is Absolutely Fine,Derren Brown,4.0,Random House,576,"Sep 22, 2016",Self-Help
61,The Memoirs of Sherlock Holmes,Arthur Conan Doyle,4.2,Simon and Schuster,320,"Nov 18, 2014",Fiction
62,Bring Me Back,B A Paris,3.8,HarperCollins UK,368,"Mar 8, 2018",Fiction
63,Good to Great: Why Some Companies Make the Leap...And Others Don't,Jim Collins,4.3,Harper Collins,320,"Jul 19, 2011",Business
64,How to Understand Business Finance: Edition 2,Bob Cinnamon,3.5,Kogan Page Publishers,176,"Apr 3, 2010",Business
65,No Mercy: The brand new novel from the Queen of Crime,Martina Cole,,Hachette UK,416,"Oct 15, 2019",Fiction
66,The Weight of Honor (Kings and Sorcerers--Book 3),Morgan Rice,4.4,Morgan Rice,250,"Jul 1, 2015",Fiction
67,Batman: Year One,Frank Miller,4.5,DC,148,"Jan 10, 2007",None
68,Final Option: 'The best one yet',Clive Cussler,5.0,Penguin UK,400,"Nov 14, 2019",Fiction
69,Heart and Brain: An Awkward Yeti Collection,The Awkward Yeti,4.7,Andrews McMeel Publishing,144,"Oct 20, 2015",None
70,Thirty-Five and a Half Conspiracies: Rose Gardner Mystery #8,Denise Grover Swank,4.7,DGS,350,"Nov 3, 2015",None
71,Rework,Jason Fried,4.1,Currency,288,"Mar 9, 2010",Business
72,Dark Nights: Metal: Deluxe Edition: Issues 1-6,Scott Snyder,4.5,DC Comics,216,"Jun 12, 2018",None
73,"Shadowbred: The Twilight War, Book 1",Paul S. Kemp,4.6,Wizards of the Coast,352,"Apr 21, 2010",Fiction
74,Permanent Record,Edward Snowden,4.6,Metropolitan Books,352,"Sep 17, 2019",None
75,The Marine's E-Mail Order Bride: Heroes of Chance Creek Volume 4,Cora Seton,4.7,One Acre Press,300,"Jan 7, 2015",None
76,Now or Never: A Novel,Elizabeth Adler,4.5,Island Books,448,"Jul 7, 2010",Fiction
77,Battle Sight Zero,Gerald Seymour,5.0,Hachette UK,448,"Jan 10, 2019",Fiction
78,Shattered Bonds,Faith Hunter,4.8,Penguin,400,"Oct 29, 2019",Fiction
79,"Rogue, Prisoner, Princess (Of Crowns and Glory—Book 2)",Morgan Rice,4.5,Morgan Rice,250,"Aug 3, 2016",None
80,Predictably Irrational: The Hidden Forces that Shape Our Decisions,Dan Ariely,4.0,HarperCollins UK,304,"Mar 6, 2009",None
81,Death Masks,Jim Butcher,4.8,Penguin Group,464,"Aug 5, 2003",None
82,"The Power of Focus: How to Hit Your Business, Personal and Financial Targets with Confidence and Certainty",Jack Canfield,4.7,Random House,368,"Sep 30, 2013",Business
83,Think Like a Freak: The Authors of Freakonomics Offer to Retrain Your Brain,Steven D. Levitt,4.3,Harper Collins,304,"May 12, 2014",None
84,The Choice of Magic,Michael G. Manning,4.8,Michael Manning,408,"Aug 16, 2019",None
85,Sonic: Tangle & Whisper #3,Ian Flynn,4.3,IDW Publishing,30,"Oct 23, 2019",Comics & Graphic Novels
86,Auberon,James S. A. Corey,4.7,Hachette UK,112,"Nov 12, 2019",None
87,"Assassin’s Apprentice (The Farseer Trilogy, Book 1)",Robin Hobb,4.4,HarperCollins UK,400,"Sep 1, 2011",Fiction
88,"Captain Marvel Vol. 1: Higher, Further, Faster, More",Kelly Sue Deconnick,3.9,Marvel Entertainment,136,"Oct 8, 2014",Comics
89,"The Name of the Wind: The Kingkiller Chronicle:, Book 1",Patrick Rothfuss,4.3,Hachette UK,672,"Apr 22, 2010",Fiction
90,Captivate: The Science of Succeeding with People,Vanessa Van Edwards,4.4,Penguin,288,"Apr 25, 2017",Self-Help
91,My Little Pony: The Feats of Friendship #2,Ian Flynn,5.0,IDW Publishing,30,"Oct 30, 2019",Comics & Graphic Novels
92,The Malady and Other Stories: An Andrzej Sapkowski Sampler,Andrzej Sapkowski,4.8,Hachette UK,96,"Jul 3, 2014",None
93,Kings and Sorcerers Bundle (Books 2 and 3),Morgan Rice,4.5,Morgan Rice,500,"Feb 25, 2016",None
94,"Eat That Frog!: 21 Great Ways to Stop Procrastinating and Get More Done in Less Time, Edition 3",Brian Tracy,4.7,Berrett-Koehler Publishers,144,"Apr 17, 2017",None
95,Antiques Con,Barbara Allan,4.8,Kensington Books,288,"Apr 1, 2015",Fiction
96,Maigret Goes to School,Georges Simenon,4.0,Penguin,176,"Jan 2, 2018",Fiction
97,A Trace of Vice (a Keri Locke Mystery--Book #3),Blake Pierce,4.8,Blake Pierce,250,"Jun 15, 2017",None
98,Antiques Chop,Barbara Allan,4.5,Kensington Books,240,"Apr 1, 2014",Fiction
99,"Goals!: How to Get Everything You Want -- Faster Than You Ever Thought Possible, Edition 2",Brian Tracy,4.3,Berrett-Koehler Publishers,288,"Aug 9, 2010",None
100,Principles: Life and Work,Ray Dalio,4.7,Simon and Schuster,592,"Sep 19, 2017",Business
101,Young Justice Vol. 1,Art Baltazar,4.1,DC,164,"Jan 17, 2012",Comics
102,10 Ways to be less consumerist,James Fries,,EDITORA BIBLIOMUNDI SERVIÇOS DIGITAIS LTDA,15,"Nov 21, 2019",None
103,'Salem's Lot,Stephen King,4.4,Hachette UK,300,"Dec 11, 2008",Fiction
104,Team Sonic Racing Plus Deluxe Turbo Championship Edition one-shot,Caleb Goellner,4.8,IDW Publishing,52,"May 22, 2019",Comics & Graphic Novels
105,Management (The Brian Tracy Success Library),Brian Tracy,,AMACOM,112,"May 15, 2014",None
106,Strawberry Shortcake Murder,Joanne Fluke,4.0,Kensington Books,304,"Oct 1, 2011",None
107,Batman and Robin Vol. 1: Batman Reborn,Grant Morrison,4.1,DC,172,"Apr 5, 2011",None
108,Killer Blonde,Laura Levine,4.0,Kensington Books,288,"Sep 1, 2008",Fiction
109,The Black Box,Michael Connelly,4.0,Hachette UK,448,"Nov 22, 2012",None
110,Legacy,Shannon Messenger,4.9,Simon and Schuster,816,"Nov 5, 2019",Juvenile Fiction
111,Gangster: A Novel,Lorenzo Carcaterra,4.5,Ballantine Books,384,"Jul 30, 2002",Fiction
112,On Tyranny: Twenty Lessons from the Twentieth Century,Timothy Snyder,4.5,Tim Duggan Books,128,"Feb 28, 2017",History
113,A Crown of Swords: Book Seven of 'The Wheel of Time',Robert Jordan,4.6,Macmillan,688,"Apr 20, 2010",None
114,My Little Pony: Friendship is Magic #45,Thom Zahler,4.4,IDW Publishing,31,"Aug 31, 2016",Comics & Graphic Novels
115,Antiques Knock-Off,Barbara Allan,4.3,Kensington Publishing Corp.,240,"Apr 1, 2012",Fiction
116,Thrawn (Star Wars),Timothy Zahn,4.7,Del Rey,448,"Apr 11, 2017",Fiction
117,Death in an Elegant City: An English Village Murder Mystery,Sara Rosett,3.9,Sara Rosett,254,"Apr 30, 2016",Fiction
118,The Joker,Brian Azzarello,4.4,DC,130,"Nov 4, 2008",None
119,Platform: Get Noticed in a Noisy World,Michael Hyatt,4.6,HarperCollins Leadership,288,"May 21, 2012",None
120,The Guardians: A Novel,John Grisham,4.5,Doubleday,384,"Oct 15, 2019",Fiction
121,Shantaram,Gregory David Roberts,4.5,Hachette UK,944,"Jun 28, 2012",None
122,The Burning White: Book Five of Lightbringer,Brent Weeks,4.9,Hachette UK,640,"Oct 22, 2019",Fiction
123,Dead Silent,Shirley Wells,4.0,Harlequin,355,"Aug 22, 2011",None
124,Platform Revolution: How Networked Markets Are Transforming the Economy—and How to Make Them Work for You,Geoffrey G. Parker,4.5,W. W. Norton & Company,256,"Mar 28, 2016",Business
125,The Man in the High Castle,Philip K. Dick,4.0,Houghton Mifflin Harcourt,272,"Jan 24, 2012",None
126,Total Control,David Baldacci,4.0,Pan Macmillan,624,"Nov 4, 2011",Fiction
127,Shall We Tell the President?,Jeffrey Archer,4.5,Pan Macmillan,200,"Apr 1, 2011",None
128,The Tower of the Swallow: Witcher 6,Andrzej Sapkowski,4.6,Hachette UK,400,"May 19, 2016",None
129,Wrecking Ball (Diary of a Wimpy Kid Book 14),Jeff Kinney,4.7,Abrams,224,"Nov 5, 2019",None
130,Watching (The Making of Riley Paige—Book 1),Blake Pierce,4.6,Blake Pierce,250,"May 15, 2018",Fiction
131,15 Delicious Slow Cooker Recipes,Sallie Stone,5.0,BookRix,18,"Oct 28, 2019",None
132,Dark Age,Pierce Brown,4.8,Del Rey,800,"Jul 30, 2019",None
133,Marvel Universe Vs. The Punisher: Volume 1,Jonathan Maberry,4.2,Marvel Entertainment,112,"Jan 5, 2011",None
134,It,Stephen King,4.5,Simon and Schuster,1168,"Jan 1, 2016",Fiction
135,War and Peace: With bonus material from Give War and Peace A Chance by Andrew D. Kaufman,Leo Tolstoy,4.3,Simon and Schuster,1400,"Apr 8, 2014",Fiction
136,Find Me: A Novel,André Aciman,4.7,"Farrar, Straus and Giroux",272,"Oct 29, 2019",Fiction
137,Dark Matter: A Novel,Blake Crouch,4.4,Broadway Books,368,"Jul 26, 2016",Fiction
138,The Witcher #1,Paul Tobin,4.6,Dark Horse Comics (Single Issues),24,"Feb 19, 2014",Comics & Graphic Novels
139,Spider-Man: Anti-Venom,Dan Slott,4.0,Marvel Entertainment,96,"Mar 10, 2010",None
140,Kingdom Of Strangers,Zoe Ferraris,4.5,Hachette UK,368,"Jun 7, 2012",None
141,In Dark Company: A Kate Burkholder Short Story,Linda Castillo,4.3,Minotaur Books,60,"May 29, 2018",None
142,The Infinite Game,Simon Sinek,3.8,Penguin,272,"Oct 15, 2019",Business
143,Freakonomics Rev Ed: A Rogue Economist Explores the Hidden Side of Everything,Steven D. Levitt,3.8,Harper Collins,336,"Feb 17, 2010",Business
144,Kiss the Girls and Make Them Cry,Mary Higgins Clark,4.0,Simon and Schuster,400,"Nov 14, 2019",None
145,"Awaken the Giant Within: How to Take Immediate Control of Your Mental, Emotional, Physical and Financial",Tony Robbins,4.6,Simon and Schuster,544,"Nov 1, 2007",Self-Help
146,The Eye of the World: Book One of 'The Wheel of Time',Robert Jordan,4.7,Tor Books,688,"Sep 15, 2000",None
147,Moby Dick. Illustrated edition,Melville Herman,5.0,Strelbytskyy Multimedia Publishing,771,"Feb 28, 2018",Fiction
148,Selling 101: What Every Successful Sales Professional Needs to Know,Zig Ziglar,3.8,HarperCollins Leadership,112,"Apr 1, 2003",None
149,Letting Go,"David R. Hawkins, M.D./Ph.D.",4.6,"Hay House, Inc",176,"Aug 1, 2013",None
150,10 Ways to be annoying,James Fries,,EDITORA BIBLIOMUNDI SERVIÇOS DIGITAIS LTDA,17,"Nov 21, 2019",None
151,Final Option,Clive Cussler,4.9,Penguin,400,"Nov 5, 2019",Fiction
152,Rogues,George R. R. Martin,4.1,Bantam,832,"Jun 17, 2014",None
153,The Power of Habit: Why We Do What We Do in Life and Business,Charles Duhigg,4.1,Random House,416,"Feb 28, 2012",Business
154,The Mysterious Affair at Styles,Agatha Christie,4.4,HarperCollins UK,208,"Jan 17, 2013",Fiction
155,Mighty Thor Vol. 2: Lords Of Midgard,Jason Aaron,3.3,Marvel Entertainment,160,"Nov 30, 2016",Comics
156,Mrs. Pollifax Unveiled,Dorothy Gilman,3.9,Ballantine Books,208,"May 31, 2000",Fiction
157,Blue Moon: A Jack Reacher Novel,Lee Child,4.4,Dell,368,"Oct 29, 2019",None
158,A Dance with Dragons: A Song of Ice and Fire: Book Five,George R. R. Martin,4.5,Bantam,1040,"Jul 12, 2011",Fiction
159,Home Work: A Memoir of My Hollywood Years,Julie Andrews,5.0,Hachette UK,352,"Oct 15, 2019",None
160,Powerful Phrases for Dealing with Difficult People: Over 325 Ready-to-Use Words and Phrases for Working with Challenging Personalities,Renee Evenson,,AMACOM,240,"Oct 15, 2013",Business
161,Green Lantern: Secret Origin,Geoff Johns,4.6,DC,194,"Apr 12, 2011",None
162,Summary: The Compound Effect,Nine99 Innovation Lab,5.0,Nine99 Innovation Lab (OPC) Pvt Ltd,7,"Jul 7, 2019",Business & Economics
163,And Then There Were None,Agatha Christie,4.6,HarperCollins UK,224,"Oct 14, 2010",Fiction
164,The Art of War (The Classic Lionel Giles Translation),Sun Tzu,4.6,e-artnow,80,"Jun 2, 2012",History
165,Diabolical,Jana DeLeon,4.8,Jana DeLeon,360,"Aug 8, 2016",None
166,Indistractable: How to Control Your Attention and Choose Your Life,Nir Eyal,5.0,Bloomsbury Publishing,400,"Oct 17, 2019",None
167,The Secret,Rhonda Byrne,4.1,Simon and Schuster,216,"Feb 26, 2007",Self-Help
168,The Shadow Rising: Book Four of 'The Wheel of Time',Robert Jordan,4.7,Tor Books,704,"Jan 19, 2010",Fiction
169,Business Strategy (The Brian Tracy Success Library),Brian Tracy,,AMACOM,112,"Apr 29, 2015",None
170,Personal Success (The Brian Tracy Success Library),Brian Tracy,,AMACOM,112,"Jan 6, 2016",None
171,Getting Things Done: The Art of Stress-Free Productivity,David Allen,4.5,Penguin,352,"Mar 17, 2015",Self-Help
172,Candide,Voltaire,4.5,Open Road Media,112,"Jan 27, 2015",Fiction
173,The Vagrant (The Vagrant Trilogy),Peter Newman,4.2,HarperCollins UK,416,"Apr 23, 2015",Fiction
174,"Mistborn Trilogy: The Final Empire, The Well of Ascension, The Hero of Ages",Brandon Sanderson,4.7,Tor Books,1712,"Feb 1, 2011",Fiction
175,Dork Diaries: Spectacular Superstar,Rachel Renee Russell,4.8,Simon and Schuster,368,"Oct 31, 2019",Juvenile Fiction
176,Deadpool Team-Up Vol. 1: Good Buddies,Fred Van Lente,3.9,Marvel Entertainment,144,"Jul 21, 2010",Comics & Graphic Novels
177,Batman vs. Superman: The Greatest Battles,Geoff Johns,4.4,DC,147,"Dec 8, 2015",None
178,Immortal Hulk Vol. 1: Or Is He Both?,Al Ewing,4.4,Marvel Entertainment,128,"Nov 21, 2018",Comics
179,Her Royal Spyness,Rhys Bowen,3.8,Penguin,336,"Jul 1, 2008",Fiction
180,Blood Runs Cold: A completely unputdownable mystery and suspense thriller,Dylan Young,4.8,Bookouture,350,"May 16, 2018",Fiction
181,"The Lord of the Rings: The Fellowship of the Ring, The Two Towers, The Return of the King",J. R. R. Tolkien,4.6,HarperCollins UK,1216,"Apr 20, 2009",Fiction
182,The Walking Dead: Compendium 1,Robert Kirkman,4.5,"Image Comics, Inc.",28,"May 19, 2009",None
183,"Mini Habits: Smaller Habits, Bigger Results",Stephen Guise,4.6,Selective Entertainment LLC,126,"Dec 22, 2013",None
184,Why We Sleep: The New Science of Sleep and Dreams,Matthew Walker,4.8,Penguin UK,368,"Sep 28, 2017",Psychology
185,The Call of Cthulhu,H. P. Lovecraft,4.9,BookRix,49,"Oct 17, 2018",Fiction
186,Batman: Earth One,Geoff Johns,4.4,DC,146,"Jul 10, 2012",None
187,Civil Engineering Guide for GATE/ PSUs,Disha Experts,4.1,Disha Publications,363,"Aug 14, 2017",None
188,Batman: Arkham Knight Vol. 3,Peter J. Tomasi,4.3,DC,200,"Jul 12, 2016",None
189,The Essentials of Finance and Accounting for Nonfinancial Managers,Edward Fields,,AMACOM,320,"Mar 15, 2011",Business
190,The Law of Success in Sixteen Lessons,Napoleon Hill,4.7,Simon and Schuster,547,"May 20, 2013",None
191,Start Day Trading Now: A Quick and Easy Introduction to Making Money While Managing Your Risk,Michael Sincere,5.0,Simon and Schuster,224,"Feb 18, 2011",None
192,Watchmen (2019 Edition),Alan Moore,4.2,DC Comics,448,"Jun 18, 2019",None
193,You Are a Badass: How to Stop Doubting Your Greatness and Start Living an Awesome Life,Jen Sincero,4.1,Hachette UK,256,"Oct 13, 2016",Self-Help
194,The Queen of Nothing (The Folk of the Air #3),Holly Black,5.0,Bonnier Zaffre Ltd.,448,"Nov 19, 2019",Fiction
195,Once Missed (A Riley Paige Mystery—Book 16),Blake Pierce,4.4,Blake Pierce,250,"Oct 29, 2019",Fiction
196,"Business Process Management: Concepts, Languages, Architectures, Edition 2",Mathias Weske,2.5,Springer Science & Business Media,404,"May 3, 2012",Computers
197,HR from the Outside In: Six Competencies for the Future of Human Resources,David Ulrich,3.6,McGraw Hill Professional,272,"Jul 20, 2012",Business
198,Boy Erased: A Memoir,Garrard Conley,4.0,Penguin,352,"May 10, 2016",Biography
199,"Tintinalli's Emergency Medicine: A Comprehensive Study Guide, 9th edition: Edition 9",Judith E. Tintinalli,,McGraw Hill Professional,2192,"Oct 22, 2019",Medical
200,Working With You is Killing Me: Freeing Yourself from Emotional Traps at Work,Katherine Crowley,4.0,Hachette UK,256,"Mar 1, 2006",Self-Help
201,Avengers Vol. 1: Avengers World,Jonathan Hickman,4.2,Marvel Entertainment,152,"Apr 30, 2013",None
202,"The Girl in the Spider's Web: A Lisbeth Salander novel, continuing Stieg Larsson's Millennium Series",David Lagercrantz,4.1,Vintage Crime/Black Lizard,416,"Sep 1, 2015",None
203,Spider-Verse: Volume 1,Dan Slott,4.4,Marvel Entertainment,624,"Apr 29, 2015",Comics
204,We Should All Be Feminists,Chimamanda Ngozi Adichie,4.2,Vintage,32,"Jul 29, 2014",Social Science
205,Spider-Man: Kraven's Last Hunt,J. M. DeMatteis,4.6,Marvel Entertainment,168,"Dec 10, 2014",Comics
206,The Umbrella Academy: Apocalypse Suite #1,Gerard Way,4.8,Dark Horse Comics (Single Issues),23,"Sep 23, 2015",Comics & Graphic Novels
207,Venomized,Cullen Bunn,4.5,Marvel Entertainment,136,"Jul 25, 2018",None
208,No One Is Too Small to Make a Difference,Greta Thunberg,5.0,Penguin,112,"Nov 12, 2019",Nature
209,Find Me: A TOP TEN SUNDAY TIMES BESTSELLER,André Aciman,4.6,Faber & Faber,256,"Oct 29, 2019",None
210,The Way Of Shadows: Book 1 of the Night Angel,Brent Weeks,4.7,Hachette UK,688,"Jun 11, 2009",Fiction
211,Batman Vol. 4: Zero Year-Secret City (The New 52),Scott Snyder,4.4,DC,180,"May 13, 2014",None
212,Wedge's Gamble: Star Wars Legends (X-Wing),Michael A. Stackpole,4.5,Del Rey,368,"Jun 28, 2011",Fiction
213,Summary: Think and Grow Rich,Nine99 Innovation Lab,,Nine99 Innovation Lab (OPC) Pvt Ltd,14,"Jul 1, 2019",Business & Economics
214,Sonic the Hedgehog #18,Ian Flynn,4.7,IDW Publishing,36,"Jul 3, 2019",Comics & Graphic Novels
215,PSYCHOANALYSIS FOR BEGINNERS: A General Introduction to Psychoanalysis & Dream Psychology,Sigmund Freud,4.2,e-artnow,160,"Feb 8, 2016",Psychology
216,Darksiders: The Abomination Vault: A Novel,Ari Marmell,4.5,Del Rey,368,"Jul 24, 2012",Fiction
217,The Secrets of Saving and Investing with Alvin Hall: Simple Strategies to Make Your Money Go Further,Alvin Hall,3.7,Hachette UK,30,"Jan 29, 2015",Business
218,Forever Evil,Geoff Johns,4.6,DC,240,"Sep 9, 2014",None
219,The Punisher Vol. 1: Black and White,Natahan Edmondson,4.5,Marvel Entertainment,136,"Aug 20, 2014",Comics
220,Homecoming (A Chloe Fine Psychological Suspense Mystery—Book 5),Blake Pierce,4.6,Blake Pierce,250,"Oct 29, 2019",None
221,Mega Man #1,Ian Flynn,3.8,Archie Comic Publications,25,"May 4, 2011",Juvenile Fiction
222,Sonic the Hedgehog #22,Ian Flynn,4.2,IDW Publishing,34,"Oct 23, 2019",Comics & Graphic Novels
223,Marvel Universe: The End,Jim Starlin,4.3,Marvel Entertainment,168,"Jun 11, 2014",None
224,Batman: Arkham Unhinged Vol. 1,Derek Fridolfs,4.0,DC,160,"Aug 13, 2013",None
225,"How to Make Money in Stocks: A Winning System in Good Times and Bad, Fourth Edition: Edition 4",William J. O'Neil,4.3,McGraw Hill Professional,464,"Apr 12, 2009",Business
226,Night of the Bold (Kings and Sorcerers--Book 6),Morgan Rice,4.3,Morgan Rice,250,"Nov 6, 2015",Fiction
227,The Witcher #5,Paul Tobin,4.6,Dark Horse Comics (Single Issues),24,"May 21, 2014",Comics & Graphic Novels
228,Invincible #118,Robert Kirkman,4.0,Image Comics,32,"Mar 25, 2015",Comics & Graphic Novels
229,Eeny Meeny: DI Helen Grace 1,M. J. Arlidge,4.2,Penguin UK,464,"May 8, 2014",Fiction
230,The Magic of Thinking Big,David J. Schwartz,4.6,Penguin,256,"Dec 2, 2014",None
231,"Chronicle of the Unhewn Throne: (The Emperor's Blades, The Providence of Fire, The Last Mortal Bond)",Brian Staveley,4.3,Macmillan,1728,"Dec 6, 2016",None
232,All-New Wolverine Vol. 1: The Four Sisters,Tom Taylor,4.5,Marvel Entertainment,136,"May 11, 2016",None
233,A Trace of Crime (a Keri Locke Mystery--Book #4),Blake Pierce,4.7,Blake Pierce,250,"Oct 20, 2017",Fiction
234,The Jump,Doug Johnstone,4.1,Faber & Faber,304,"Aug 4, 2015",None
235,Becoming Steve Jobs: The Evolution of a Reckless Upstart into a Visionary Leader,Brent Schlender,4.6,Crown Business,464,"Mar 24, 2015",None
236,The Last of Us: American Dreams #1,Faith Erin Hicks,4.6,Dark Horse Comics (Single Issues),26,"Dec 21, 2011",Comics & Graphic Novels
237,The Walking Dead #185,Robert Kirkman,4.7,Image Comics,56,"Nov 7, 2018",Comics & Graphic Novels
238,One Small Step Can Change Your Life: The Kaizen Way,Robert Maurer,4.4,Workman Publishing,228,"Apr 22, 2014",Self-Help
239,Injustice: Gods Among Us Year One - The Complete Collection: Issues 1-12,Tom Taylor,4.7,DC,400,"Mar 8, 2016",None
240,Leadership 101: What Every Leader Needs to Know,John C. Maxwell,4.4,HarperCollins Leadership,128,"Sep 8, 2002",None
241,The Complete Art of War,Sun Tzu,4.7,Simon and Schuster,667,"Apr 29, 2013",Political Science
242,(FREE SAMPLE) CTET English & Hindi Language 9 Year-wise Solved Papers 1 & 2,Disha Experts,4.5,Disha Publications,23,"Nov 6, 2019",None
243,We,Yevgeny Zamyatin,4.3,Pan,226,"Jan 15, 2013",Fiction
244,1 Sample Paper for CBSE Class 10 Science 2020 Exam,Disha Experts,4.7,Disha Publications,25,"Oct 21, 2019",None
245,(FREE SAMPLE) Super 10 Sample Papers for CBSE Class 10 English Language Literature 2nd Edition,Disha Experts,5.0,Disha Publications,33,"Oct 21, 2019",None
